{"cameraMode":{"drawMode":0,"name":"Shaded","section":"Shading Mode"},"sceneLighting":true,"audioPlay":false,"sceneViewState":{"showFog":true,"showMaterialUpdate":false,"showSkybox":true,"showFlares":true,"showImageEffects":true,"showParticleSystems":true},"in2DMode":false,"pivot":{"x":2.993907928466797,"y":2.668822765350342,"z":-0.38114964962005618},"rotation":{"x":0.2777236998081207,"y":-0.667048454284668,"z":0.2966865599155426,"w":0.6244148015975952},"size":5.118047714233398,"orthographic":false}