{"cameraMode":{"drawMode":0,"name":"Shaded","section":"Shading Mode"},"sceneLighting":true,"audioPlay":false,"sceneViewState":{"showFog":true,"showMaterialUpdate":false,"showSkybox":true,"showFlares":true,"showImageEffects":true,"showParticleSystems":true},"in2DMode":false,"pivot":{"x":-12.78856372833252,"y":-9.178153038024903,"z":-7.934487819671631},"rotation":{"x":0.16383136808872224,"y":-0.8304186463356018,"z":0.31913092732429507,"w":0.4263231158256531},"size":13.861783981323243,"orthographic":true}