{"cameraMode":{"drawMode":0,"name":"Shaded","section":"Shading Mode"},"sceneLighting":true,"audioPlay":false,"sceneViewState":{"showFog":true,"showMaterialUpdate":false,"showSkybox":true,"showFlares":true,"showImageEffects":true,"showParticleSystems":true},"in2DMode":false,"pivot":{"x":-8.173009872436524,"y":-1.0078192949295045,"z":-12.8326997756958},"rotation":{"x":0.18066461384296418,"y":-0.6407651901245117,"z":0.15877559781074525,"w":0.7291024923324585},"size":48.48845672607422,"orthographic":true}